Day,Night,date,month,year,name,bridge
2.80918E+18,2.83494E+18,2007-01-01T00:00:00,1,2007,"Can Tho, My Thuan, Vam Cong, Cao Lanh",1
3.27768E+18,2.7313E+18,2007-01-01T00:00:00,1,2007,"Co Chien, Ham Luong, Rach Mieu, My Loi",0
3.14753E+18,2.49268E+18,2007-02-01T00:00:00,2,2007,"Can Tho, My Thuan, Vam Cong, Cao Lanh",1
2.57311E+18,2.2623E+18,2007-02-01T00:00:00,2,2007,"Co Chien, Ham Luong, Rach Mieu, My Loi",0
2.5855E+18,2.2656E+18,2007-03-01T00:00:00,3,2007,"Can Tho, My Thuan, Vam Cong, Cao Lanh",1
2.8239E+18,2.19631E+18,2007-03-01T00:00:00,3,2007,"Co Chien, Ham Luong, Rach Mieu, My Loi",0
,2.43425E+18,2007-04-01T00:00:00,4,2007,"Can Tho, My Thuan, Vam Cong, Cao Lanh",1
2.27335E+18,2.3433E+18,2007-04-01T00:00:00,4,2007,"Co Chien, Ham Luong, Rach Mieu, My Loi",0
,1.87108E+18,2007-05-01T00:00:00,5,2007,"Can Tho, My Thuan, Vam Cong, Cao Lanh",1
2.15038E+18,1.89873E+18,2007-05-01T00:00:00,5,2007,"Co Chien, Ham Luong, Rach Mieu, My Loi",0
,1.90257E+18,2007-06-01T00:00:00,6,2007,"Can Tho, My Thuan, Vam Cong, Cao Lanh",1
1.82479E+18,2.01511E+18,2007-06-01T00:00:00,6,2007,"Co Chien, Ham Luong, Rach Mieu, My Loi",0
,1.6057E+18,2007-07-01T00:00:00,7,2007,"Can Tho, My Thuan, Vam Cong, Cao Lanh",1
1.63257E+18,1.74892E+18,2007-07-01T00:00:00,7,2007,"Co Chien, Ham Luong, Rach Mieu, My Loi",0
,,2007-08-01T00:00:00,8,2007,"Can Tho, My Thuan, Vam Cong, Cao Lanh",1
1.4065E+18,1.63094E+18,2007-08-01T00:00:00,8,2007,"Co Chien, Ham Luong, Rach Mieu, My Loi",0
,2.76964E+18,2007-09-01T00:00:00,9,2007,"Can Tho, My Thuan, Vam Cong, Cao Lanh",1
1.69885E+18,2.81692E+18,2007-09-01T00:00:00,9,2007,"Co Chien, Ham Luong, Rach Mieu, My Loi",0
1.71549E+18,2.09372E+18,2007-10-01T00:00:00,10,2007,"Can Tho, My Thuan, Vam Cong, Cao Lanh",1
1.96263E+18,1.87608E+18,2007-10-01T00:00:00,10,2007,"Co Chien, Ham Luong, Rach Mieu, My Loi",0
,2.34967E+18,2007-11-01T00:00:00,11,2007,"Can Tho, My Thuan, Vam Cong, Cao Lanh",1
2.48464E+18,1.93411E+18,2007-11-01T00:00:00,11,2007,"Co Chien, Ham Luong, Rach Mieu, My Loi",0
2.30449E+18,2.25691E+18,2007-12-01T00:00:00,12,2007,"Can Tho, My Thuan, Vam Cong, Cao Lanh",1
2.27763E+18,2.1618E+18,2007-12-01T00:00:00,12,2007,"Co Chien, Ham Luong, Rach Mieu, My Loi",0
2.46949E+18,2.50869E+18,2008-01-01T00:00:00,1,2008,"Can Tho, My Thuan, Vam Cong, Cao Lanh",1
2.70567E+18,2.46451E+18,2008-01-01T00:00:00,1,2008,"Co Chien, Ham Luong, Rach Mieu, My Loi",0
3.47298E+18,2.82261E+18,2008-02-01T00:00:00,2,2008,"Can Tho, My Thuan, Vam Cong, Cao Lanh",1
,2.74011E+18,2008-02-01T00:00:00,2,2008,"Co Chien, Ham Luong, Rach Mieu, My Loi",0
,2.23708E+18,2008-03-01T00:00:00,3,2008,"Can Tho, My Thuan, Vam Cong, Cao Lanh",1
2.41691E+18,2.20054E+18,2008-03-01T00:00:00,3,2008,"Co Chien, Ham Luong, Rach Mieu, My Loi",0
,2.19352E+18,2008-04-01T00:00:00,4,2008,"Can Tho, My Thuan, Vam Cong, Cao Lanh",1
2.0922E+18,2.02076E+18,2008-04-01T00:00:00,4,2008,"Co Chien, Ham Luong, Rach Mieu, My Loi",0
,,2008-05-01T00:00:00,5,2008,"Can Tho, My Thuan, Vam Cong, Cao Lanh",1
2.03614E+18,1.94434E+18,2008-05-01T00:00:00,5,2008,"Co Chien, Ham Luong, Rach Mieu, My Loi",0
,1.67634E+18,2008-06-01T00:00:00,6,2008,"Can Tho, My Thuan, Vam Cong, Cao Lanh",1
1.75785E+18,1.79193E+18,2008-06-01T00:00:00,6,2008,"Co Chien, Ham Luong, Rach Mieu, My Loi",0
,1.61923E+18,2008-07-01T00:00:00,7,2008,"Can Tho, My Thuan, Vam Cong, Cao Lanh",1
1.61495E+18,1.71645E+18,2008-07-01T00:00:00,7,2008,"Co Chien, Ham Luong, Rach Mieu, My Loi",0
,1.7228E+18,2008-08-01T00:00:00,8,2008,"Can Tho, My Thuan, Vam Cong, Cao Lanh",1
1.56446E+18,1.46594E+18,2008-08-01T00:00:00,8,2008,"Co Chien, Ham Luong, Rach Mieu, My Loi",0
,,2008-09-01T00:00:00,9,2008,"Can Tho, My Thuan, Vam Cong, Cao Lanh",1
1.42706E+18,,2008-09-01T00:00:00,9,2008,"Co Chien, Ham Luong, Rach Mieu, My Loi",0
,,2008-10-01T00:00:00,10,2008,"Can Tho, My Thuan, Vam Cong, Cao Lanh",1
1.68246E+18,1.65652E+18,2008-10-01T00:00:00,10,2008,"Co Chien, Ham Luong, Rach Mieu, My Loi",0
,1.75391E+18,2008-11-01T00:00:00,11,2008,"Can Tho, My Thuan, Vam Cong, Cao Lanh",1
,1.79829E+18,2008-11-01T00:00:00,11,2008,"Co Chien, Ham Luong, Rach Mieu, My Loi",0
,2.19589E+18,2008-12-01T00:00:00,12,2008,"Can Tho, My Thuan, Vam Cong, Cao Lanh",1
2.35798E+18,,2008-12-01T00:00:00,12,2008,"Co Chien, Ham Luong, Rach Mieu, My Loi",0
2.65426E+18,2.64433E+18,2009-01-01T00:00:00,1,2009,"Can Tho, My Thuan, Vam Cong, Cao Lanh",1
2.54222E+18,2.52866E+18,2009-01-01T00:00:00,1,2009,"Co Chien, Ham Luong, Rach Mieu, My Loi",1
,2.43611E+18,2009-02-01T00:00:00,2,2009,"Can Tho, My Thuan, Vam Cong, Cao Lanh",1
2.08249E+18,2.05992E+18,2009-02-01T00:00:00,2,2009,"Co Chien, Ham Luong, Rach Mieu, My Loi",1
,2.20915E+18,2009-03-01T00:00:00,3,2009,"Can Tho, My Thuan, Vam Cong, Cao Lanh",1
2.09996E+18,2.01533E+18,2009-03-01T00:00:00,3,2009,"Co Chien, Ham Luong, Rach Mieu, My Loi",1
,2.22599E+18,2009-04-01T00:00:00,4,2009,"Can Tho, My Thuan, Vam Cong, Cao Lanh",1
2.29764E+18,2.26104E+18,2009-04-01T00:00:00,4,2009,"Co Chien, Ham Luong, Rach Mieu, My Loi",1
,1.97597E+18,2009-05-01T00:00:00,5,2009,"Can Tho, My Thuan, Vam Cong, Cao Lanh",1
,2.24042E+18,2009-05-01T00:00:00,5,2009,"Co Chien, Ham Luong, Rach Mieu, My Loi",1
,1.65285E+18,2009-06-01T00:00:00,6,2009,"Can Tho, My Thuan, Vam Cong, Cao Lanh",1
1.64157E+18,1.53329E+18,2009-06-01T00:00:00,6,2009,"Co Chien, Ham Luong, Rach Mieu, My Loi",1
,1.56506E+18,2009-07-01T00:00:00,7,2009,"Can Tho, My Thuan, Vam Cong, Cao Lanh",1
1.55116E+18,1.72854E+18,2009-07-01T00:00:00,7,2009,"Co Chien, Ham Luong, Rach Mieu, My Loi",1
,2.23645E+18,2009-10-01T00:00:00,10,2009,"Can Tho, My Thuan, Vam Cong, Cao Lanh",1
1.93278E+18,2.00936E+18,2009-10-01T00:00:00,10,2009,"Co Chien, Ham Luong, Rach Mieu, My Loi",1
,2.10599E+18,2009-11-01T00:00:00,11,2009,"Can Tho, My Thuan, Vam Cong, Cao Lanh",1
,1.92379E+18,2009-11-01T00:00:00,11,2009,"Co Chien, Ham Luong, Rach Mieu, My Loi",1
2.66732E+18,2.45596E+18,2009-12-01T00:00:00,12,2009,"Can Tho, My Thuan, Vam Cong, Cao Lanh",1
2.51878E+18,2.3269E+18,2009-12-01T00:00:00,12,2009,"Co Chien, Ham Luong, Rach Mieu, My Loi",1
2.42202E+18,2.56395E+18,2010-01-01T00:00:00,1,2010,"Can Tho, My Thuan, Vam Cong, Cao Lanh",1
2.37115E+18,2.41656E+18,2010-01-01T00:00:00,1,2010,"Co Chien, Ham Luong, Rach Mieu, My Loi",1
2.41317E+18,2.40923E+18,2010-02-01T00:00:00,2,2010,"Can Tho, My Thuan, Vam Cong, Cao Lanh",1
2.45964E+18,2.22376E+18,2010-02-01T00:00:00,2,2010,"Co Chien, Ham Luong, Rach Mieu, My Loi",1
2.48989E+18,2.42182E+18,2010-03-01T00:00:00,3,2010,"Can Tho, My Thuan, Vam Cong, Cao Lanh",1
2.5817E+18,2.35908E+18,2010-03-01T00:00:00,3,2010,"Co Chien, Ham Luong, Rach Mieu, My Loi",1
2.16407E+18,2.20154E+18,2010-04-01T00:00:00,4,2010,"Can Tho, My Thuan, Vam Cong, Cao Lanh",2
2.21002E+18,2.13644E+18,2010-04-01T00:00:00,4,2010,"Co Chien, Ham Luong, Rach Mieu, My Loi",2
2.4229E+18,2.01852E+18,2010-05-01T00:00:00,5,2010,"Can Tho, My Thuan, Vam Cong, Cao Lanh",2
2.25921E+18,2.03856E+18,2010-05-01T00:00:00,5,2010,"Co Chien, Ham Luong, Rach Mieu, My Loi",2
1.78047E+18,1.62926E+18,2010-06-01T00:00:00,6,2010,"Can Tho, My Thuan, Vam Cong, Cao Lanh",2
1.50189E+18,1.64748E+18,2010-06-01T00:00:00,6,2010,"Co Chien, Ham Luong, Rach Mieu, My Loi",2
,1.47461E+18,2010-07-01T00:00:00,7,2010,"Can Tho, My Thuan, Vam Cong, Cao Lanh",2
,1.59742E+18,2010-07-01T00:00:00,7,2010,"Co Chien, Ham Luong, Rach Mieu, My Loi",2
,,2010-08-01T00:00:00,8,2010,"Can Tho, My Thuan, Vam Cong, Cao Lanh",2
,1.52439E+18,2010-09-01T00:00:00,9,2010,"Co Chien, Ham Luong, Rach Mieu, My Loi",2
1.62814E+18,1.55251E+18,2010-09-01T00:00:00,9,2010,"Can Tho, My Thuan, Vam Cong, Cao Lanh",2
,2.7207E+18,2010-10-01T00:00:00,10,2010,"Co Chien, Ham Luong, Rach Mieu, My Loi",2
1.88177E+18,2.67194E+18,2010-10-01T00:00:00,10,2010,"Can Tho, My Thuan, Vam Cong, Cao Lanh",2
1.90004E+18,,2010-11-01T00:00:00,11,2010,"Co Chien, Ham Luong, Rach Mieu, My Loi",2
1.88172E+18,,2010-11-01T00:00:00,11,2010,"Can Tho, My Thuan, Vam Cong, Cao Lanh",2
,2.31895E+18,2010-12-01T00:00:00,12,2010,"Co Chien, Ham Luong, Rach Mieu, My Loi",2
,2.54563E+18,2010-12-01T00:00:00,12,2010,"Can Tho, My Thuan, Vam Cong, Cao Lanh",2
2.78244E+18,2.52669E+18,2011-01-01T00:00:00,1,2011,"Co Chien, Ham Luong, Rach Mieu, My Loi",2
2.33767E+18,2.25888E+18,2011-01-01T00:00:00,1,2011,"Can Tho, My Thuan, Vam Cong, Cao Lanh",2
3.57304E+18,2.89193E+18,2011-02-01T00:00:00,2,2011,"Co Chien, Ham Luong, Rach Mieu, My Loi",2
3.34943E+18,2.67974E+18,2011-02-01T00:00:00,2,2011,"Can Tho, My Thuan, Vam Cong, Cao Lanh",2
2.83519E+18,2.04441E+18,2011-03-01T00:00:00,3,2011,"Co Chien, Ham Luong, Rach Mieu, My Loi",2
2.63332E+18,1.95599E+18,2011-03-01T00:00:00,3,2011,"Can Tho, My Thuan, Vam Cong, Cao Lanh",2
3.10704E+18,2.40552E+18,2011-04-01T00:00:00,4,2011,"Co Chien, Ham Luong, Rach Mieu, My Loi",2
3.02678E+18,2.35511E+18,2011-04-01T00:00:00,4,2011,"Can Tho, My Thuan, Vam Cong, Cao Lanh",2
,1.90222E+18,2011-05-01T00:00:00,5,2011,"Co Chien, Ham Luong, Rach Mieu, My Loi",2
1.85364E+18,1.89906E+18,2011-05-01T00:00:00,5,2011,"Can Tho, My Thuan, Vam Cong, Cao Lanh",2
,,2011-06-01T00:00:00,6,2011,"Co Chien, Ham Luong, Rach Mieu, My Loi",2
1.5694E+18,1.64262E+18,2011-06-01T00:00:00,6,2011,"Can Tho, My Thuan, Vam Cong, Cao Lanh",2
,1.49982E+18,2011-07-01T00:00:00,7,2011,"Co Chien, Ham Luong, Rach Mieu, My Loi",2
1.67656E+18,1.52406E+18,2011-07-01T00:00:00,7,2011,"Can Tho, My Thuan, Vam Cong, Cao Lanh",2
,1.68565E+18,2011-08-01T00:00:00,8,2011,"Co Chien, Ham Luong, Rach Mieu, My Loi",2
1.62614E+18,,2011-08-01T00:00:00,8,2011,"Can Tho, My Thuan, Vam Cong, Cao Lanh",2
,1.46366E+18,2011-09-01T00:00:00,9,2011,"Co Chien, Ham Luong, Rach Mieu, My Loi",2
,1.61736E+18,2011-09-01T00:00:00,9,2011,"Can Tho, My Thuan, Vam Cong, Cao Lanh",2
,1.75555E+18,2011-10-01T00:00:00,10,2011,"Co Chien, Ham Luong, Rach Mieu, My Loi",2
2.15084E+18,1.97025E+18,2011-10-01T00:00:00,10,2011,"Can Tho, My Thuan, Vam Cong, Cao Lanh",2
,2.09222E+18,2011-11-01T00:00:00,11,2011,"Co Chien, Ham Luong, Rach Mieu, My Loi",2
2.2769E+18,2.02644E+18,2011-11-01T00:00:00,11,2011,"Can Tho, My Thuan, Vam Cong, Cao Lanh",2
,2.39211E+18,2011-12-01T00:00:00,12,2011,"Co Chien, Ham Luong, Rach Mieu, My Loi",2
2.23772E+18,,2011-12-01T00:00:00,12,2011,"Can Tho, My Thuan, Vam Cong, Cao Lanh",2
2.55847E+18,2.29738E+18,2012-01-01T00:00:00,1,2012,"Co Chien, Ham Luong, Rach Mieu, My Loi",2
2.54418E+18,2.1447E+18,2012-01-01T00:00:00,1,2012,"Can Tho, My Thuan, Vam Cong, Cao Lanh",2
2.68201E+18,2.47121E+18,2012-02-01T00:00:00,2,2012,"Co Chien, Ham Luong, Rach Mieu, My Loi",2
2.5954E+18,2.25518E+18,2012-02-01T00:00:00,2,2012,"Can Tho, My Thuan, Vam Cong, Cao Lanh",2
,2.92269E+18,2012-03-01T00:00:00,3,2012,"Co Chien, Ham Luong, Rach Mieu, My Loi",2
2.13689E+18,2.86874E+18,2012-03-01T00:00:00,3,2012,"Can Tho, My Thuan, Vam Cong, Cao Lanh",2
,2.33487E+18,2012-04-01T00:00:00,4,2012,"Co Chien, Ham Luong, Rach Mieu, My Loi",2
2.06009E+18,2.15256E+18,2012-04-01T00:00:00,4,2012,"Can Tho, My Thuan, Vam Cong, Cao Lanh",2
,1.93749E+18,2012-05-01T00:00:00,5,2012,"Co Chien, Ham Luong, Rach Mieu, My Loi",2
1.8817E+18,1.73665E+18,2012-05-01T00:00:00,5,2012,"Can Tho, My Thuan, Vam Cong, Cao Lanh",2
,2.00362E+18,2012-06-01T00:00:00,6,2012,"Co Chien, Ham Luong, Rach Mieu, My Loi",2
1.81331E+18,1.85294E+18,2012-06-01T00:00:00,6,2012,"Can Tho, My Thuan, Vam Cong, Cao Lanh",2
,,2012-07-01T00:00:00,7,2012,"Co Chien, Ham Luong, Rach Mieu, My Loi",2
1.55255E+18,1.5984E+18,2012-07-01T00:00:00,7,2012,"Can Tho, My Thuan, Vam Cong, Cao Lanh",2
,1.61346E+18,2012-08-01T00:00:00,8,2012,"Co Chien, Ham Luong, Rach Mieu, My Loi",2
1.65068E+18,1.62152E+18,2012-08-01T00:00:00,8,2012,"Can Tho, My Thuan, Vam Cong, Cao Lanh",2
,,2012-09-01T00:00:00,9,2012,"Co Chien, Ham Luong, Rach Mieu, My Loi",2
1.73213E+18,1.8332E+18,2012-09-01T00:00:00,9,2012,"Can Tho, My Thuan, Vam Cong, Cao Lanh",2
,3.06205E+18,2012-10-01T00:00:00,10,2012,"Co Chien, Ham Luong, Rach Mieu, My Loi",2
2.11434E+18,2.2719E+18,2012-10-01T00:00:00,10,2012,"Can Tho, My Thuan, Vam Cong, Cao Lanh",2
,1.95059E+18,2012-11-01T00:00:00,11,2012,"Co Chien, Ham Luong, Rach Mieu, My Loi",2
1.87311E+18,1.86358E+18,2012-11-01T00:00:00,11,2012,"Can Tho, My Thuan, Vam Cong, Cao Lanh",2
2.06272E+18,2.32912E+18,2012-12-01T00:00:00,12,2012,"Co Chien, Ham Luong, Rach Mieu, My Loi",2
2.14206E+18,2.03993E+18,2012-12-01T00:00:00,12,2012,"Can Tho, My Thuan, Vam Cong, Cao Lanh",2
2.51658E+18,2.7452E+18,2013-01-01T00:00:00,1,2013,"Co Chien, Ham Luong, Rach Mieu, My Loi",2
2.55595E+18,2.52094E+18,2013-01-01T00:00:00,1,2013,"Can Tho, My Thuan, Vam Cong, Cao Lanh",2
2.42063E+18,2.70864E+18,2013-02-01T00:00:00,2,2013,"Co Chien, Ham Luong, Rach Mieu, My Loi",2
2.25108E+18,2.26676E+18,2013-02-01T00:00:00,2,2013,"Can Tho, My Thuan, Vam Cong, Cao Lanh",2
3.97388E+18,2.5709E+18,2013-03-01T00:00:00,3,2013,"Co Chien, Ham Luong, Rach Mieu, My Loi",2
3.14658E+18,2.35975E+18,2013-03-01T00:00:00,3,2013,"Can Tho, My Thuan, Vam Cong, Cao Lanh",2
,2.2042E+18,2013-04-01T00:00:00,4,2013,"Co Chien, Ham Luong, Rach Mieu, My Loi",2
1.92544E+18,2.07252E+18,2013-04-01T00:00:00,4,2013,"Can Tho, My Thuan, Vam Cong, Cao Lanh",2
,1.78984E+18,2013-05-01T00:00:00,5,2013,"Co Chien, Ham Luong, Rach Mieu, My Loi",2
1.82695E+18,1.89044E+18,2013-05-01T00:00:00,5,2013,"Can Tho, My Thuan, Vam Cong, Cao Lanh",2
,2.12778E+18,2013-06-01T00:00:00,6,2013,"Co Chien, Ham Luong, Rach Mieu, My Loi",2
2.11102E+18,1.99191E+18,2013-06-01T00:00:00,6,2013,"Can Tho, My Thuan, Vam Cong, Cao Lanh",2
,1.58925E+18,2013-07-01T00:00:00,7,2013,"Co Chien, Ham Luong, Rach Mieu, My Loi",2
1.69048E+18,1.72987E+18,2013-07-01T00:00:00,7,2013,"Can Tho, My Thuan, Vam Cong, Cao Lanh",2
,,2013-08-01T00:00:00,8,2013,"Co Chien, Ham Luong, Rach Mieu, My Loi",2
1.59855E+18,1.49494E+18,2013-08-01T00:00:00,8,2013,"Can Tho, My Thuan, Vam Cong, Cao Lanh",2
,,2013-09-01T00:00:00,9,2013,"Co Chien, Ham Luong, Rach Mieu, My Loi",2
1.70099E+18,,2013-09-01T00:00:00,9,2013,"Can Tho, My Thuan, Vam Cong, Cao Lanh",2
,2.25004E+18,2013-10-01T00:00:00,10,2013,"Co Chien, Ham Luong, Rach Mieu, My Loi",2
2.34665E+18,2.16195E+18,2013-10-01T00:00:00,10,2013,"Can Tho, My Thuan, Vam Cong, Cao Lanh",2
1.9708E+18,1.93714E+18,2013-11-01T00:00:00,11,2013,"Co Chien, Ham Luong, Rach Mieu, My Loi",2
2.04118E+18,1.96123E+18,2013-11-01T00:00:00,11,2013,"Can Tho, My Thuan, Vam Cong, Cao Lanh",2
2.28989E+18,2.22344E+18,2013-12-01T00:00:00,12,2013,"Co Chien, Ham Luong, Rach Mieu, My Loi",2
2.22297E+18,1.98985E+18,2013-12-01T00:00:00,12,2013,"Can Tho, My Thuan, Vam Cong, Cao Lanh",2
2.52343E+18,2.61124E+18,2014-01-01T00:00:00,1,2014,"Co Chien, Ham Luong, Rach Mieu, My Loi",2
2.56175E+18,2.42065E+18,2014-01-01T00:00:00,1,2014,"Can Tho, My Thuan, Vam Cong, Cao Lanh",2
3.8588E+18,2.60262E+18,2014-02-01T00:00:00,2,2014,"Co Chien, Ham Luong, Rach Mieu, My Loi",2
3.05099E+18,2.40089E+18,2014-02-01T00:00:00,2,2014,"Can Tho, My Thuan, Vam Cong, Cao Lanh",2
3.08082E+18,2.63649E+18,2014-03-01T00:00:00,3,2014,"Co Chien, Ham Luong, Rach Mieu, My Loi",2
3.1395E+18,2.45067E+18,2014-03-01T00:00:00,3,2014,"Can Tho, My Thuan, Vam Cong, Cao Lanh",2
2.48311E+18,2.28336E+18,2014-04-01T00:00:00,4,2014,"Co Chien, Ham Luong, Rach Mieu, My Loi",2
2.27399E+18,2.18291E+18,2014-04-01T00:00:00,4,2014,"Can Tho, My Thuan, Vam Cong, Cao Lanh",2
1.69393E+18,1.82258E+18,2014-05-01T00:00:00,5,2014,"Co Chien, Ham Luong, Rach Mieu, My Loi",2
1.90916E+18,1.81985E+18,2014-05-01T00:00:00,5,2014,"Can Tho, My Thuan, Vam Cong, Cao Lanh",2
,,2014-06-01T00:00:00,6,2014,"Co Chien, Ham Luong, Rach Mieu, My Loi",2
1.54112E+18,,2014-06-01T00:00:00,6,2014,"Can Tho, My Thuan, Vam Cong, Cao Lanh",2
,,2014-07-01T00:00:00,7,2014,"Co Chien, Ham Luong, Rach Mieu, My Loi",2
,,2014-08-01T00:00:00,8,2014,"Can Tho, My Thuan, Vam Cong, Cao Lanh",2
1.67476E+18,1.55236E+18,2014-08-01T00:00:00,8,2014,"Co Chien, Ham Luong, Rach Mieu, My Loi",2
,1.74159E+18,2014-09-01T00:00:00,9,2014,"Can Tho, My Thuan, Vam Cong, Cao Lanh",2
1.59129E+18,1.69273E+18,2014-09-01T00:00:00,9,2014,"Co Chien, Ham Luong, Rach Mieu, My Loi",2
2.28128E+18,,2014-10-01T00:00:00,10,2014,"Can Tho, My Thuan, Vam Cong, Cao Lanh",2
2.23573E+18,1.98654E+18,2014-10-01T00:00:00,10,2014,"Co Chien, Ham Luong, Rach Mieu, My Loi",2
,2.12877E+18,2014-11-01T00:00:00,11,2014,"Can Tho, My Thuan, Vam Cong, Cao Lanh",2
2.37189E+18,2.03093E+18,2014-11-01T00:00:00,11,2014,"Co Chien, Ham Luong, Rach Mieu, My Loi",2
2.37411E+18,2.51687E+18,2014-12-01T00:00:00,12,2014,"Can Tho, My Thuan, Vam Cong, Cao Lanh",2
2.39716E+18,2.43029E+18,2014-12-01T00:00:00,12,2014,"Co Chien, Ham Luong, Rach Mieu, My Loi",2
2.87628E+18,2.59646E+18,2015-01-01T00:00:00,1,2015,"Can Tho, My Thuan, Vam Cong, Cao Lanh",2
2.80648E+18,2.42275E+18,2015-01-01T00:00:00,1,2015,"Co Chien, Ham Luong, Rach Mieu, My Loi",2
2.84892E+18,2.59541E+18,2015-02-01T00:00:00,2,2015,"Can Tho, My Thuan, Vam Cong, Cao Lanh",2
2.94348E+18,2.43454E+18,2015-02-01T00:00:00,2,2015,"Co Chien, Ham Luong, Rach Mieu, My Loi",2
2.78071E+18,2.42192E+18,2015-03-01T00:00:00,3,2015,"Can Tho, My Thuan, Vam Cong, Cao Lanh",2
2.76979E+18,2.34895E+18,2015-03-01T00:00:00,3,2015,"Co Chien, Ham Luong, Rach Mieu, My Loi",2
3.4414E+18,2.39611E+18,2015-04-01T00:00:00,4,2015,"Can Tho, My Thuan, Vam Cong, Cao Lanh",2
2.8403E+18,2.21749E+18,2015-04-01T00:00:00,4,2015,"Co Chien, Ham Luong, Rach Mieu, My Loi",2
2.01365E+18,1.95108E+18,2015-05-01T00:00:00,5,2015,"Can Tho, My Thuan, Vam Cong, Cao Lanh",2
1.97122E+18,1.83797E+18,2015-05-01T00:00:00,5,2015,"Co Chien, Ham Luong, Rach Mieu, My Loi",3
,1.75126E+18,2015-06-01T00:00:00,6,2015,"Can Tho, My Thuan, Vam Cong, Cao Lanh",2
1.588E+18,1.63253E+18,2015-06-01T00:00:00,6,2015,"Co Chien, Ham Luong, Rach Mieu, My Loi",3
,,2015-07-01T00:00:00,7,2015,"Can Tho, My Thuan, Vam Cong, Cao Lanh",2
1.75197E+18,,2015-07-01T00:00:00,7,2015,"Co Chien, Ham Luong, Rach Mieu, My Loi",3
,1.54914E+18,2015-08-01T00:00:00,8,2015,"Can Tho, My Thuan, Vam Cong, Cao Lanh",2
1.66503E+18,1.64831E+18,2015-08-01T00:00:00,8,2015,"Co Chien, Ham Luong, Rach Mieu, My Loi",4
,2.39181E+18,2015-09-01T00:00:00,9,2015,"Can Tho, My Thuan, Vam Cong, Cao Lanh",2
2.5118E+18,2.41726E+18,2015-09-01T00:00:00,9,2015,"Co Chien, Ham Luong, Rach Mieu, My Loi",4
3.27156E+18,,2015-10-01T00:00:00,10,2015,"Can Tho, My Thuan, Vam Cong, Cao Lanh",2
2.98561E+18,2.83948E+18,2015-10-01T00:00:00,10,2015,"Co Chien, Ham Luong, Rach Mieu, My Loi",4
2.42296E+18,2.59723E+18,2015-11-01T00:00:00,11,2015,"Can Tho, My Thuan, Vam Cong, Cao Lanh",2
2.40923E+18,2.45922E+18,2015-11-01T00:00:00,11,2015,"Co Chien, Ham Luong, Rach Mieu, My Loi",4
2.40029E+18,2.53337E+18,2015-12-01T00:00:00,12,2015,"Can Tho, My Thuan, Vam Cong, Cao Lanh",2
2.39937E+18,2.29339E+18,2015-12-01T00:00:00,12,2015,"Co Chien, Ham Luong, Rach Mieu, My Loi",4
2.65889E+18,2.53441E+18,2016-01-01T00:00:00,1,2016,"Can Tho, My Thuan, Vam Cong, Cao Lanh",2
2.44957E+18,2.39241E+18,2016-01-01T00:00:00,1,2016,"Co Chien, Ham Luong, Rach Mieu, My Loi",4
,2.51284E+18,2016-02-01T00:00:00,2,2016,"Can Tho, My Thuan, Vam Cong, Cao Lanh",2
,2.27721E+18,2016-02-01T00:00:00,2,2016,"Co Chien, Ham Luong, Rach Mieu, My Loi",4
2.98111E+18,2.54088E+18,2016-03-01T00:00:00,3,2016,"Can Tho, My Thuan, Vam Cong, Cao Lanh",2
2.78428E+18,2.40829E+18,2016-03-01T00:00:00,3,2016,"Co Chien, Ham Luong, Rach Mieu, My Loi",4
2.33658E+18,2.3356E+18,2016-04-01T00:00:00,4,2016,"Can Tho, My Thuan, Vam Cong, Cao Lanh",2
2.40262E+18,2.32705E+18,2016-04-01T00:00:00,4,2016,"Co Chien, Ham Luong, Rach Mieu, My Loi",4
2.01565E+18,2.2763E+18,2016-05-01T00:00:00,5,2016,"Can Tho, My Thuan, Vam Cong, Cao Lanh",2
,2.13792E+18,2016-05-01T00:00:00,5,2016,"Co Chien, Ham Luong, Rach Mieu, My Loi",4
,,2016-06-01T00:00:00,6,2016,"Can Tho, My Thuan, Vam Cong, Cao Lanh",2
1.73589E+18,1.83797E+18,2016-06-01T00:00:00,6,2016,"Co Chien, Ham Luong, Rach Mieu, My Loi",4
,1.61751E+18,2016-07-01T00:00:00,7,2016,"Can Tho, My Thuan, Vam Cong, Cao Lanh",2
1.5677E+18,1.55557E+18,2016-07-01T00:00:00,7,2016,"Co Chien, Ham Luong, Rach Mieu, My Loi",4
,1.66118E+18,2016-08-01T00:00:00,8,2016,"Can Tho, My Thuan, Vam Cong, Cao Lanh",2
1.61251E+18,1.63624E+18,2016-08-01T00:00:00,8,2016,"Co Chien, Ham Luong, Rach Mieu, My Loi",4
,,2016-09-01T00:00:00,9,2016,"Can Tho, My Thuan, Vam Cong, Cao Lanh",2
1.49895E+18,,2016-09-01T00:00:00,9,2016,"Co Chien, Ham Luong, Rach Mieu, My Loi",4
,,2016-10-01T00:00:00,10,2016,"Can Tho, My Thuan, Vam Cong, Cao Lanh",2
,,2016-10-01T00:00:00,10,2016,"Co Chien, Ham Luong, Rach Mieu, My Loi",4
1.99603E+18,1.98145E+18,2016-11-01T00:00:00,11,2016,"Can Tho, My Thuan, Vam Cong, Cao Lanh",2
1.911E+18,1.89309E+18,2016-11-01T00:00:00,11,2016,"Co Chien, Ham Luong, Rach Mieu, My Loi",4
,2.43922E+18,2016-12-01T00:00:00,12,2016,"Can Tho, My Thuan, Vam Cong, Cao Lanh",2
1.63665E+18,1.95331E+18,2016-12-01T00:00:00,12,2016,"Co Chien, Ham Luong, Rach Mieu, My Loi",4
2.55167E+18,2.42329E+18,2017-01-01T00:00:00,1,2017,"Can Tho, My Thuan, Vam Cong, Cao Lanh",2
2.20829E+18,2.27311E+18,2017-01-01T00:00:00,1,2017,"Co Chien, Ham Luong, Rach Mieu, My Loi",4
2.64142E+18,2.4338E+18,2017-02-01T00:00:00,2,2017,"Can Tho, My Thuan, Vam Cong, Cao Lanh",2
2.65959E+18,2.40499E+18,2017-02-01T00:00:00,2,2017,"Co Chien, Ham Luong, Rach Mieu, My Loi",4
,2.16827E+18,2017-03-01T00:00:00,3,2017,"Can Tho, My Thuan, Vam Cong, Cao Lanh",2
1.87237E+18,1.96754E+18,2017-03-01T00:00:00,3,2017,"Co Chien, Ham Luong, Rach Mieu, My Loi",4
1.97274E+18,1.99276E+18,2017-04-01T00:00:00,4,2017,"Can Tho, My Thuan, Vam Cong, Cao Lanh",2
1.89554E+18,1.86597E+18,2017-04-01T00:00:00,4,2017,"Co Chien, Ham Luong, Rach Mieu, My Loi",4
,,2017-05-01T00:00:00,5,2017,"Can Tho, My Thuan, Vam Cong, Cao Lanh",2
1.73618E+18,,2017-05-01T00:00:00,5,2017,"Co Chien, Ham Luong, Rach Mieu, My Loi",4
1.71341E+18,1.48516E+18,2017-06-01T00:00:00,6,2017,"Can Tho, My Thuan, Vam Cong, Cao Lanh",2
,1.47858E+18,2017-06-01T00:00:00,6,2017,"Co Chien, Ham Luong, Rach Mieu, My Loi",4
,,2017-07-01T00:00:00,7,2017,"Can Tho, My Thuan, Vam Cong, Cao Lanh",2
,1.48077E+18,2017-07-01T00:00:00,7,2017,"Co Chien, Ham Luong, Rach Mieu, My Loi",4
,,2017-08-01T00:00:00,8,2017,"Can Tho, My Thuan, Vam Cong, Cao Lanh",2
1.42133E+18,,2017-08-01T00:00:00,8,2017,"Co Chien, Ham Luong, Rach Mieu, My Loi",4
1.38792E+18,,2017-09-01T00:00:00,9,2017,"Can Tho, My Thuan, Vam Cong, Cao Lanh",2
1.55999E+18,1.38931E+18,2017-09-01T00:00:00,9,2017,"Co Chien, Ham Luong, Rach Mieu, My Loi",4
,,2017-10-01T00:00:00,10,2017,"Can Tho, My Thuan, Vam Cong, Cao Lanh",2
1.486E+18,1.66735E+18,2017-10-01T00:00:00,10,2017,"Co Chien, Ham Luong, Rach Mieu, My Loi",4
,1.72133E+18,2017-11-01T00:00:00,11,2017,"Can Tho, My Thuan, Vam Cong, Cao Lanh",2
1.88292E+18,1.68611E+18,2017-11-01T00:00:00,11,2017,"Co Chien, Ham Luong, Rach Mieu, My Loi",4
1.99635E+18,2.42121E+18,2017-12-01T00:00:00,12,2017,"Can Tho, My Thuan, Vam Cong, Cao Lanh",2
2.18512E+18,2.02736E+18,2017-12-01T00:00:00,12,2017,"Co Chien, Ham Luong, Rach Mieu, My Loi",4
2.03982E+18,2.42488E+18,2018-01-01T00:00:00,1,2018,"Can Tho, My Thuan, Vam Cong, Cao Lanh",2
1.8319E+18,2.26945E+18,2018-01-01T00:00:00,1,2018,"Co Chien, Ham Luong, Rach Mieu, My Loi",4
2.90384E+18,2.66806E+18,2018-02-01T00:00:00,2,2018,"Can Tho, My Thuan, Vam Cong, Cao Lanh",2
3.0425E+18,2.54238E+18,2018-02-01T00:00:00,2,2018,"Co Chien, Ham Luong, Rach Mieu, My Loi",4
2.59428E+18,2.39375E+18,2018-03-01T00:00:00,3,2018,"Can Tho, My Thuan, Vam Cong, Cao Lanh",2
2.76384E+18,2.06866E+18,2018-03-01T00:00:00,3,2018,"Co Chien, Ham Luong, Rach Mieu, My Loi",4
,2.20359E+18,2018-04-01T00:00:00,4,2018,"Can Tho, My Thuan, Vam Cong, Cao Lanh",2
2.49635E+18,2.05375E+18,2018-04-01T00:00:00,4,2018,"Co Chien, Ham Luong, Rach Mieu, My Loi",4
,1.90556E+18,2018-05-01T00:00:00,5,2018,"Can Tho, My Thuan, Vam Cong, Cao Lanh",3
1.85791E+18,1.87169E+18,2018-05-01T00:00:00,5,2018,"Co Chien, Ham Luong, Rach Mieu, My Loi",4
,1.62992E+18,2018-06-01T00:00:00,6,2018,"Can Tho, My Thuan, Vam Cong, Cao Lanh",3
1.51203E+18,1.29471E+18,2018-06-01T00:00:00,6,2018,"Co Chien, Ham Luong, Rach Mieu, My Loi",4
,1.46586E+18,2018-07-01T00:00:00,7,2018,"Can Tho, My Thuan, Vam Cong, Cao Lanh",3
1.34796E+18,1.44883E+18,2018-07-01T00:00:00,7,2018,"Co Chien, Ham Luong, Rach Mieu, My Loi",4
,,2018-08-01T00:00:00,8,2018,"Can Tho, My Thuan, Vam Cong, Cao Lanh",3
,1.60905E+18,2018-08-01T00:00:00,8,2018,"Co Chien, Ham Luong, Rach Mieu, My Loi",4
,1.67698E+18,2018-09-01T00:00:00,9,2018,"Can Tho, My Thuan, Vam Cong, Cao Lanh",3
1.53591E+18,,2018-09-01T00:00:00,9,2018,"Co Chien, Ham Luong, Rach Mieu, My Loi",4
2.62381E+18,2.16896E+18,2018-10-01T00:00:00,10,2018,"Can Tho, My Thuan, Vam Cong, Cao Lanh",3
2.14032E+18,2.08848E+18,2018-10-01T00:00:00,10,2018,"Co Chien, Ham Luong, Rach Mieu, My Loi",4
2.17071E+18,1.9859E+18,2018-11-01T00:00:00,11,2018,"Can Tho, My Thuan, Vam Cong, Cao Lanh",3
2.07794E+18,1.89878E+18,2018-11-01T00:00:00,11,2018,"Co Chien, Ham Luong, Rach Mieu, My Loi",4
1.92779E+18,1.96327E+18,2018-12-01T00:00:00,12,2018,"Can Tho, My Thuan, Vam Cong, Cao Lanh",3
,1.87194E+18,2018-12-01T00:00:00,12,2018,"Co Chien, Ham Luong, Rach Mieu, My Loi",4
2.55316E+18,2.43365E+18,2019-01-01T00:00:00,1,2019,"Can Tho, My Thuan, Vam Cong, Cao Lanh",3
2.48017E+18,2.31067E+18,2019-01-01T00:00:00,1,2019,"Co Chien, Ham Luong, Rach Mieu, My Loi",4
2.64298E+18,2.32795E+18,2019-02-01T00:00:00,2,2019,"Can Tho, My Thuan, Vam Cong, Cao Lanh",3
2.29734E+18,2.16894E+18,2019-02-01T00:00:00,2,2019,"Co Chien, Ham Luong, Rach Mieu, My Loi",4
2.30514E+18,2.34522E+18,2019-03-01T00:00:00,3,2019,"Can Tho, My Thuan, Vam Cong, Cao Lanh",3
2.35297E+18,2.21268E+18,2019-03-01T00:00:00,3,2019,"Co Chien, Ham Luong, Rach Mieu, My Loi",4
1.91681E+18,2.02748E+18,2019-04-01T00:00:00,4,2019,"Can Tho, My Thuan, Vam Cong, Cao Lanh",3
1.87742E+18,1.92964E+18,2019-04-01T00:00:00,4,2019,"Co Chien, Ham Luong, Rach Mieu, My Loi",4
,1.9318E+18,2019-05-01T00:00:00,5,2019,"Can Tho, My Thuan, Vam Cong, Cao Lanh",4
,1.90335E+18,2019-05-01T00:00:00,5,2019,"Co Chien, Ham Luong, Rach Mieu, My Loi",4
,1.57462E+18,2019-07-01T00:00:00,7,2019,"Can Tho, My Thuan, Vam Cong, Cao Lanh",4
1.60772E+18,1.54248E+18,2019-07-01T00:00:00,7,2019,"Co Chien, Ham Luong, Rach Mieu, My Loi",4
,,2019-08-01T00:00:00,8,2019,"Can Tho, My Thuan, Vam Cong, Cao Lanh",4
,1.63482E+18,2019-08-01T00:00:00,8,2019,"Co Chien, Ham Luong, Rach Mieu, My Loi",4
,2.04151E+18,2019-09-01T00:00:00,9,2019,"Can Tho, My Thuan, Vam Cong, Cao Lanh",4
2.44308E+18,2.09492E+18,2019-09-01T00:00:00,9,2019,"Co Chien, Ham Luong, Rach Mieu, My Loi",4
,,2019-10-01T00:00:00,10,2019,"Can Tho, My Thuan, Vam Cong, Cao Lanh",4
1.83159E+18,,2019-10-01T00:00:00,10,2019,"Co Chien, Ham Luong, Rach Mieu, My Loi",4
1.7331E+18,2.00628E+18,2019-11-01T00:00:00,11,2019,"Can Tho, My Thuan, Vam Cong, Cao Lanh",4
1.98789E+18,1.92468E+18,2019-11-01T00:00:00,11,2019,"Co Chien, Ham Luong, Rach Mieu, My Loi",4
2.30627E+18,2.22825E+18,2019-12-01T00:00:00,12,2019,"Can Tho, My Thuan, Vam Cong, Cao Lanh",4
2.20105E+18,2.14509E+18,2019-12-01T00:00:00,12,2019,"Co Chien, Ham Luong, Rach Mieu, My Loi",4